               epoch,      train/box_loss,      train/obj_loss,      train/cls_loss,   metrics/precision,      metrics/recall,     metrics/mAP_0.5,metrics/mAP_0.5:0.95,        val/box_loss,        val/obj_loss,        val/cls_loss,               x/lr0,               x/lr1,               x/lr2
                   0,             0.10523,             0.14341,            0.035614,             0.75313,             0.16835,             0.12798,             0.03515,            0.093225,             0.21231,            0.036876,            0.070556,           0.0032716,           0.0032716
                   1,            0.076444,              0.1197,             0.02742,             0.60743,             0.29027,             0.26501,            0.066883,            0.077569,             0.10997,            0.021547,            0.040534,           0.0065831,           0.0065831
                   2,            0.075863,             0.11386,            0.018902,             0.64111,             0.36776,             0.34268,             0.11003,             0.06954,            0.097369,            0.015219,             0.01049,           0.0098727,           0.0098727
                   3,            0.064948,             0.11143,             0.01581,             0.57834,                0.43,             0.30954,             0.13205,            0.067656,             0.10404,            0.013412,            0.009901,            0.009901,            0.009901
                   4,            0.057732,             0.11254,            0.014183,               0.716,             0.50625,             0.57135,             0.29487,            0.050517,            0.088026,            0.012598,            0.009901,            0.009901,            0.009901
                   5,            0.050962,             0.10443,            0.013066,             0.85754,             0.55303,             0.71059,             0.39466,            0.042421,            0.085601,            0.012121,            0.009868,            0.009868,            0.009868
                   6,            0.046828,             0.10506,            0.012929,             0.37446,             0.80676,              0.6476,             0.40069,            0.040001,            0.084125,            0.011502,            0.009835,            0.009835,            0.009835
                   7,            0.043339,            0.099943,            0.011923,             0.52329,             0.84673,             0.83137,             0.59026,            0.032119,            0.081995,            0.010553,            0.009802,            0.009802,            0.009802
                   8,            0.043294,             0.09983,            0.011658,             0.59961,             0.83555,             0.82575,             0.51769,            0.039696,            0.080371,           0.0099057,            0.009769,            0.009769,            0.009769
                   9,            0.039329,            0.099279,            0.010711,             0.65636,             0.84238,             0.83206,             0.56451,            0.030653,            0.078332,           0.0098637,            0.009736,            0.009736,            0.009736
                  10,            0.041102,            0.096694,           0.0094877,             0.67201,             0.84175,              0.8457,             0.59002,            0.033709,             0.07954,           0.0089239,            0.009703,            0.009703,            0.009703
                  11,            0.038968,            0.096983,           0.0092537,             0.79199,             0.83194,             0.88905,             0.60101,            0.032506,             0.07628,           0.0080607,             0.00967,             0.00967,             0.00967
                  12,            0.038271,            0.093566,             0.00842,             0.80803,             0.84119,             0.87621,             0.61434,            0.030731,            0.075425,           0.0072578,            0.009637,            0.009637,            0.009637
                  13,            0.035934,            0.094814,           0.0085497,             0.83082,             0.83345,             0.89679,             0.63358,            0.029612,            0.075687,              0.0075,            0.009604,            0.009604,            0.009604
                  14,            0.036392,            0.091184,           0.0077069,             0.83073,             0.82482,             0.88686,             0.66097,            0.029699,            0.073664,           0.0070783,            0.009571,            0.009571,            0.009571
                  15,            0.036422,            0.090002,           0.0073803,             0.83513,             0.84454,             0.89565,             0.67098,            0.027774,            0.072736,           0.0067312,            0.009538,            0.009538,            0.009538
                  16,            0.036186,            0.089136,           0.0066321,             0.85159,             0.84953,             0.90435,             0.65641,            0.027764,            0.071953,           0.0063796,            0.009505,            0.009505,            0.009505
                  17,             0.03358,            0.087255,           0.0065151,             0.85523,             0.85562,             0.90862,             0.68176,            0.027082,            0.074503,           0.0064494,            0.009472,            0.009472,            0.009472
                  18,            0.034648,            0.088738,           0.0066062,             0.86527,             0.86516,             0.91528,             0.72278,            0.026674,             0.07126,           0.0058678,            0.009439,            0.009439,            0.009439
                  19,            0.033208,            0.088674,           0.0067542,             0.86023,             0.85813,             0.91821,             0.69903,            0.025951,            0.070443,            0.005803,            0.009406,            0.009406,            0.009406
                  20,            0.034481,            0.089123,           0.0060029,              0.8896,             0.84347,             0.92104,             0.69906,            0.026912,            0.071051,           0.0057905,            0.009373,            0.009373,            0.009373
                  21,            0.032884,            0.084248,           0.0061645,             0.87245,             0.83584,             0.90947,             0.67878,            0.026748,            0.071237,           0.0060785,             0.00934,             0.00934,             0.00934
                  22,            0.031184,            0.082234,           0.0062642,             0.87045,             0.85721,              0.9147,             0.70209,            0.027016,            0.072619,            0.005706,            0.009307,            0.009307,            0.009307
                  23,            0.031746,            0.086877,           0.0055129,             0.88044,             0.85256,             0.91688,             0.71748,            0.025448,            0.070522,           0.0053725,            0.009274,            0.009274,            0.009274
                  24,            0.031909,            0.085697,           0.0055337,             0.85515,             0.84212,             0.90506,             0.68116,            0.025743,            0.070352,           0.0063235,            0.009241,            0.009241,            0.009241
                  25,            0.030483,            0.085718,           0.0055941,             0.85284,             0.86087,             0.90686,             0.67354,             0.02598,            0.069945,           0.0059459,            0.009208,            0.009208,            0.009208
                  26,            0.031811,            0.085204,           0.0053428,             0.86853,             0.84505,              0.9089,             0.69496,            0.027614,            0.070716,           0.0061122,            0.009175,            0.009175,            0.009175
                  27,             0.03059,            0.086229,           0.0059442,              0.8713,             0.86162,             0.92442,             0.74049,            0.024654,            0.071022,           0.0052072,            0.009142,            0.009142,            0.009142
                  28,            0.031131,            0.082063,            0.005464,             0.85383,             0.84807,             0.89728,             0.69843,            0.024345,            0.069377,           0.0062175,            0.009109,            0.009109,            0.009109
                  29,            0.031421,            0.083724,           0.0052068,             0.87214,             0.86322,             0.91718,             0.73768,            0.023663,            0.067544,           0.0053541,            0.009076,            0.009076,            0.009076
                  30,            0.030538,            0.081751,           0.0048785,             0.87289,             0.85529,             0.92045,             0.73546,            0.023154,            0.068457,           0.0053722,            0.009043,            0.009043,            0.009043
                  31,             0.03057,            0.082942,           0.0049959,             0.86136,             0.85557,             0.91119,             0.71647,            0.026294,            0.070924,           0.0055438,             0.00901,             0.00901,             0.00901
                  32,            0.029181,              0.0828,           0.0055453,             0.86782,             0.86201,             0.91553,             0.72125,            0.023912,            0.069022,           0.0055638,            0.008977,            0.008977,            0.008977
                  33,            0.030222,            0.082868,           0.0054173,             0.86643,              0.8667,             0.91298,             0.74238,             0.02309,            0.067759,            0.005322,            0.008944,            0.008944,            0.008944
                  34,            0.029734,            0.077554,            0.004946,             0.86696,             0.86337,             0.91939,             0.73113,            0.023635,             0.06819,            0.005388,            0.008911,            0.008911,            0.008911
                  35,            0.028453,              0.0816,           0.0048502,             0.87533,             0.86511,             0.92226,              0.7451,            0.024033,            0.067432,           0.0051505,            0.008878,            0.008878,            0.008878
                  36,            0.028997,            0.079283,           0.0046824,             0.86104,              0.8484,             0.90857,             0.72247,            0.026192,            0.069928,           0.0057119,            0.008845,            0.008845,            0.008845
                  37,            0.028482,            0.081069,           0.0047836,             0.88947,             0.86011,              0.9257,             0.73384,            0.023605,             0.06737,           0.0051065,            0.008812,            0.008812,            0.008812
                  38,            0.028472,            0.078112,           0.0044126,             0.87501,             0.84656,             0.91438,             0.72798,            0.023556,             0.06802,            0.005373,            0.008779,            0.008779,            0.008779
                  39,             0.02903,            0.080469,           0.0046156,             0.86244,             0.87441,             0.91979,             0.73618,             0.02261,            0.068126,            0.004961,            0.008746,            0.008746,            0.008746
                  40,            0.029055,            0.078478,           0.0045372,             0.87057,             0.87398,             0.92198,             0.74598,            0.023715,            0.069623,           0.0051102,            0.008713,            0.008713,            0.008713
                  41,            0.027551,            0.078318,           0.0045382,             0.85904,             0.85526,             0.90363,             0.74165,            0.021904,             0.06728,            0.005981,             0.00868,             0.00868,             0.00868
                  42,            0.028067,            0.075886,           0.0042623,             0.86156,             0.85476,             0.91238,             0.73266,            0.022748,            0.066878,           0.0053761,            0.008647,            0.008647,            0.008647
                  43,            0.028017,            0.077726,            0.004445,             0.87333,             0.87249,             0.92542,             0.76503,            0.021856,            0.066377,           0.0050458,            0.008614,            0.008614,            0.008614
                  44,            0.027157,            0.074957,           0.0042562,             0.86709,             0.86245,             0.91025,             0.75536,            0.020858,            0.065725,           0.0053858,            0.008581,            0.008581,            0.008581
                  45,            0.026204,            0.076117,            0.004187,             0.87369,             0.85924,             0.91302,              0.7581,             0.02146,            0.066084,           0.0054345,            0.008548,            0.008548,            0.008548
                  46,             0.02798,            0.076397,           0.0040563,              0.8848,             0.85045,             0.92106,             0.75904,            0.021285,            0.065235,           0.0051382,            0.008515,            0.008515,            0.008515
                  47,            0.027472,            0.075147,            0.004233,             0.87899,             0.85797,             0.91853,             0.75694,            0.021658,            0.068549,           0.0049539,            0.008482,            0.008482,            0.008482
                  48,            0.027246,            0.073606,           0.0040747,             0.87332,             0.85351,             0.91462,             0.75527,            0.021991,            0.067551,           0.0053392,            0.008449,            0.008449,            0.008449
                  49,            0.025896,            0.072555,           0.0039268,             0.87227,             0.88839,             0.92831,             0.78505,             0.02009,            0.064795,           0.0049298,            0.008416,            0.008416,            0.008416
                  50,            0.026145,            0.074296,           0.0040762,             0.89441,             0.85833,              0.9167,             0.75718,            0.020688,            0.065647,           0.0049934,            0.008383,            0.008383,            0.008383
                  51,            0.026059,            0.074078,           0.0043109,             0.86895,             0.87959,              0.9203,             0.76555,            0.021103,            0.065122,           0.0051282,             0.00835,             0.00835,             0.00835
                  52,            0.027322,             0.07534,           0.0039895,             0.87688,             0.85956,             0.91399,             0.75889,            0.020812,            0.065091,           0.0051605,            0.008317,            0.008317,            0.008317
                  53,            0.025895,            0.073166,           0.0038754,             0.85577,             0.85319,             0.89926,             0.74506,             0.02199,            0.068402,           0.0058592,            0.008284,            0.008284,            0.008284
                  54,            0.025817,            0.071935,           0.0039265,             0.85386,             0.86664,             0.90966,             0.76885,            0.020755,            0.066383,           0.0052945,            0.008251,            0.008251,            0.008251
                  55,            0.025609,            0.074713,           0.0043643,             0.88516,             0.83184,             0.90267,             0.75273,            0.020999,            0.069067,           0.0054041,            0.008218,            0.008218,            0.008218
                  56,            0.027354,            0.076296,           0.0039277,             0.87269,             0.86426,             0.91799,             0.76273,            0.020435,            0.065291,           0.0051726,            0.008185,            0.008185,            0.008185
                  57,             0.02545,            0.071591,           0.0037113,             0.87582,             0.86666,             0.91381,             0.77039,            0.020361,            0.064928,           0.0052255,            0.008152,            0.008152,            0.008152
                  58,            0.026471,            0.071357,           0.0033921,             0.88035,             0.84547,             0.90487,             0.74918,            0.021823,            0.067777,             0.00534,            0.008119,            0.008119,            0.008119
                  59,            0.026354,            0.074372,           0.0036879,             0.88781,             0.85892,             0.91885,             0.76437,            0.021529,            0.066381,           0.0050266,            0.008086,            0.008086,            0.008086
                  60,            0.026002,            0.072234,           0.0036549,             0.86849,             0.86264,             0.90871,             0.76331,            0.019819,            0.065439,           0.0054827,            0.008053,            0.008053,            0.008053
                  61,            0.026673,            0.073272,           0.0033365,             0.88301,               0.851,             0.90796,             0.76575,             0.02017,            0.064629,           0.0053942,             0.00802,             0.00802,             0.00802
                  62,            0.026345,            0.073352,           0.0034177,              0.8836,             0.85108,             0.91407,             0.77083,            0.020102,            0.064997,           0.0051118,            0.007987,            0.007987,            0.007987
                  63,            0.024829,            0.070038,           0.0037544,             0.85667,             0.86562,             0.90737,             0.76647,            0.020079,             0.06522,           0.0054535,            0.007954,            0.007954,            0.007954
                  64,            0.025256,            0.069321,           0.0036897,             0.86966,             0.86623,             0.91098,             0.76263,            0.020273,            0.065826,           0.0054247,            0.007921,            0.007921,            0.007921
                  65,            0.025362,            0.069436,           0.0032345,             0.85964,             0.84382,             0.88776,             0.75391,             0.01986,            0.064784,           0.0064063,            0.007888,            0.007888,            0.007888
                  66,            0.025545,            0.069647,           0.0036154,             0.86726,             0.86876,             0.90699,             0.76846,            0.019783,            0.065195,           0.0054998,            0.007855,            0.007855,            0.007855
                  67,            0.025174,            0.073971,           0.0036904,             0.88159,             0.86652,             0.91888,             0.77771,            0.019935,            0.064622,           0.0048997,            0.007822,            0.007822,            0.007822
                  68,            0.025705,            0.074374,           0.0038262,             0.86592,             0.87569,             0.91296,             0.77029,              0.0199,            0.064079,           0.0051106,            0.007789,            0.007789,            0.007789
                  69,            0.024115,            0.068766,           0.0031623,             0.88235,             0.85256,             0.91142,             0.77193,            0.019303,            0.064975,           0.0052273,            0.007756,            0.007756,            0.007756
                  70,            0.024935,            0.069368,           0.0033341,             0.87441,              0.8547,             0.91168,               0.771,            0.019647,             0.06505,           0.0053784,            0.007723,            0.007723,            0.007723
                  71,            0.024284,            0.067317,           0.0032827,             0.87758,             0.86639,             0.91637,             0.77234,            0.020212,            0.066496,           0.0048876,             0.00769,             0.00769,             0.00769
                  72,            0.024818,            0.068267,           0.0032706,             0.88559,             0.86025,             0.91605,             0.77021,            0.020644,            0.065704,           0.0051591,            0.007657,            0.007657,            0.007657
                  73,            0.023396,             0.06892,            0.003261,             0.86212,               0.869,               0.903,             0.76193,            0.020293,            0.065279,           0.0053642,            0.007624,            0.007624,            0.007624
                  74,              0.0248,            0.067941,           0.0033663,             0.86905,             0.86415,             0.89963,             0.75856,            0.020088,            0.065806,           0.0054533,            0.007591,            0.007591,            0.007591
                  75,            0.024541,            0.069111,           0.0030568,             0.88403,              0.8562,             0.91414,             0.77223,            0.020405,            0.064722,           0.0051914,            0.007558,            0.007558,            0.007558
                  76,            0.024044,            0.068696,            0.003126,             0.88058,             0.85404,             0.91273,             0.77885,            0.019656,            0.063735,            0.005333,            0.007525,            0.007525,            0.007525
                  77,            0.024691,             0.06819,           0.0029921,             0.86536,             0.86431,             0.91327,             0.77043,            0.020307,            0.065565,           0.0053383,            0.007492,            0.007492,            0.007492
                  78,            0.025062,            0.071565,           0.0031159,             0.88074,             0.87578,             0.91989,             0.77181,            0.020332,            0.065006,           0.0048393,            0.007459,            0.007459,            0.007459
                  79,            0.024362,            0.068772,           0.0034947,             0.86635,             0.87931,             0.91421,             0.78205,            0.019342,            0.064162,           0.0051854,            0.007426,            0.007426,            0.007426
                  80,            0.024863,            0.071075,           0.0033759,             0.87258,             0.85343,             0.89609,             0.74997,            0.020291,             0.06571,            0.006093,            0.007393,            0.007393,            0.007393
                  81,            0.024363,            0.067048,           0.0029424,             0.88798,             0.85143,             0.90089,             0.76967,            0.019273,            0.063678,           0.0056419,             0.00736,             0.00736,             0.00736
                  82,            0.024073,            0.065995,           0.0032155,             0.87128,             0.87343,             0.91146,             0.77316,            0.019325,            0.064072,           0.0051672,            0.007327,            0.007327,            0.007327
                  83,            0.023998,            0.066746,           0.0028712,             0.88149,             0.87267,             0.92167,             0.79053,            0.019308,            0.063364,           0.0050432,            0.007294,            0.007294,            0.007294
                  84,             0.02334,            0.066067,           0.0029845,             0.88227,             0.87124,             0.91718,             0.77797,            0.019429,            0.063821,           0.0054413,            0.007261,            0.007261,            0.007261
                  85,            0.023907,            0.066474,           0.0030297,             0.88607,             0.86448,             0.91921,             0.78531,            0.019412,            0.063977,           0.0051063,            0.007228,            0.007228,            0.007228
                  86,            0.023512,            0.068036,            0.003682,             0.87935,             0.86076,             0.91326,             0.77898,            0.019139,            0.063613,           0.0054428,            0.007195,            0.007195,            0.007195
                  87,             0.02374,            0.066872,             0.00326,             0.87517,             0.87916,             0.91815,             0.78901,            0.019186,            0.063111,           0.0049521,            0.007162,            0.007162,            0.007162
                  88,            0.022941,            0.065501,           0.0029987,             0.86592,             0.87982,             0.91278,             0.77591,            0.019533,            0.064754,           0.0050094,            0.007129,            0.007129,            0.007129
                  89,            0.023269,            0.065582,           0.0027151,             0.87136,             0.86314,             0.91048,             0.77931,            0.019394,            0.065638,           0.0053337,            0.007096,            0.007096,            0.007096
                  90,            0.023621,            0.066435,           0.0029964,              0.8699,             0.86914,             0.91195,             0.78048,             0.01923,            0.064738,           0.0053014,            0.007063,            0.007063,            0.007063
                  91,            0.023091,            0.067268,           0.0031307,             0.86663,               0.854,             0.89607,             0.77109,             0.01916,            0.065388,           0.0058857,             0.00703,             0.00703,             0.00703
                  92,            0.023209,            0.065746,           0.0029641,              0.8927,             0.85942,             0.91644,             0.78848,            0.018726,              0.0652,            0.004786,            0.006997,            0.006997,            0.006997
                  93,            0.023168,            0.067418,           0.0030633,             0.87607,             0.86178,             0.91096,             0.78715,            0.019185,            0.064253,           0.0052637,            0.006964,            0.006964,            0.006964
                  94,            0.023667,            0.066406,           0.0030643,             0.85209,             0.86768,              0.9004,             0.77505,            0.019024,            0.065059,           0.0060564,            0.006931,            0.006931,            0.006931
                  95,            0.023546,            0.065293,           0.0029533,             0.87521,             0.87373,             0.90966,             0.78399,            0.019411,            0.065395,           0.0052149,            0.006898,            0.006898,            0.006898
                  96,            0.023337,            0.064064,            0.002834,             0.88263,             0.87367,             0.90964,             0.77757,            0.019424,              0.0644,           0.0051996,            0.006865,            0.006865,            0.006865
                  97,            0.022981,            0.065204,           0.0029745,             0.86411,             0.87194,             0.89925,             0.77435,            0.019066,            0.064347,           0.0056977,            0.006832,            0.006832,            0.006832
                  98,            0.022818,            0.065446,           0.0028367,              0.8927,             0.85315,             0.91382,             0.78679,            0.018731,            0.064433,           0.0051189,            0.006799,            0.006799,            0.006799
                  99,            0.023101,            0.068094,           0.0029148,             0.87436,             0.86113,             0.90899,             0.78315,            0.018907,            0.064667,           0.0053944,            0.006766,            0.006766,            0.006766
                 100,            0.023627,            0.066407,           0.0028872,             0.87423,              0.8698,              0.9082,              0.7816,            0.018461,            0.063989,           0.0051574,            0.006733,            0.006733,            0.006733
                 101,            0.022491,            0.065601,           0.0026612,             0.87492,             0.85162,             0.90623,             0.78328,            0.018534,            0.063638,            0.005526,              0.0067,              0.0067,              0.0067
                 102,            0.022237,            0.065873,           0.0028487,             0.87896,             0.84331,             0.89364,             0.77051,            0.018878,            0.064218,           0.0059596,            0.006667,            0.006667,            0.006667
                 103,            0.023371,            0.064643,           0.0028921,             0.88126,             0.85544,             0.90603,             0.78208,            0.018926,            0.063555,           0.0052943,            0.006634,            0.006634,            0.006634
                 104,            0.022933,            0.063104,           0.0027517,              0.8741,             0.85771,             0.90432,             0.78228,            0.018464,            0.064469,           0.0053983,            0.006601,            0.006601,            0.006601
                 105,             0.02292,            0.066252,            0.003183,             0.86701,             0.87647,             0.91488,             0.79412,            0.018855,            0.064919,           0.0050416,            0.006568,            0.006568,            0.006568
                 106,            0.023227,            0.064058,           0.0029287,             0.87427,             0.86292,             0.89397,             0.77319,            0.018407,            0.065105,           0.0058083,            0.006535,            0.006535,            0.006535
                 107,            0.022432,            0.064109,           0.0027138,             0.86969,             0.85881,             0.89622,             0.77315,            0.018917,            0.064576,           0.0060641,            0.006502,            0.006502,            0.006502
                 108,            0.022502,            0.063919,           0.0025524,             0.87999,             0.85511,             0.90736,             0.77912,            0.018606,            0.063725,            0.005762,            0.006469,            0.006469,            0.006469
                 109,            0.022695,            0.064993,           0.0025868,             0.88192,             0.87072,             0.91915,             0.79887,            0.018118,            0.062703,           0.0046761,            0.006436,            0.006436,            0.006436
                 110,            0.022707,            0.065691,           0.0023882,             0.87127,             0.88288,             0.90966,             0.78662,            0.018425,            0.062784,           0.0052446,            0.006403,            0.006403,            0.006403
                 111,             0.02257,            0.063641,           0.0025761,             0.87604,             0.87516,             0.91378,             0.79399,            0.018065,             0.06309,            0.005199,             0.00637,             0.00637,             0.00637
                 112,            0.021511,            0.060835,           0.0024489,             0.87511,             0.87532,             0.91276,             0.78997,            0.018365,            0.063745,           0.0052805,            0.006337,            0.006337,            0.006337
                 113,            0.022323,             0.06266,           0.0027468,              0.8754,              0.8622,             0.90144,             0.78392,            0.018341,            0.064041,           0.0055557,            0.006304,            0.006304,            0.006304
                 114,            0.021969,            0.063652,           0.0024022,             0.86578,             0.86095,              0.9016,             0.78364,            0.018134,            0.063338,           0.0058936,            0.006271,            0.006271,            0.006271
                 115,            0.022155,            0.063818,           0.0026445,             0.89128,              0.8553,             0.91081,              0.7938,            0.018269,            0.063699,           0.0054317,            0.006238,            0.006238,            0.006238
                 116,            0.021593,            0.061623,             0.00268,             0.88909,             0.85643,              0.9163,             0.79737,            0.017953,            0.063302,           0.0051715,            0.006205,            0.006205,            0.006205
                 117,            0.021452,            0.061833,           0.0028877,             0.88104,             0.84991,              0.9017,             0.78599,            0.018234,            0.064342,           0.0058673,            0.006172,            0.006172,            0.006172
                 118,            0.021921,            0.064374,           0.0029119,              0.8745,             0.86249,             0.89706,              0.7802,            0.018124,            0.064261,            0.005913,            0.006139,            0.006139,            0.006139
                 119,            0.022074,            0.062091,           0.0029049,             0.88784,             0.86429,             0.90277,             0.78581,            0.018222,            0.063686,           0.0055496,            0.006106,            0.006106,            0.006106
                 120,            0.022154,            0.065458,           0.0025263,             0.88832,             0.85673,             0.91233,             0.79648,             0.01816,            0.064408,            0.005324,            0.006073,            0.006073,            0.006073
                 121,            0.021765,            0.062049,           0.0026307,             0.88502,             0.87184,             0.92111,             0.80054,            0.018046,            0.063515,           0.0046815,             0.00604,             0.00604,             0.00604
                 122,            0.021181,            0.061159,            0.002679,             0.87133,             0.87696,             0.91354,             0.79615,            0.017939,            0.063645,           0.0049878,            0.006007,            0.006007,            0.006007
                 123,            0.021612,            0.062993,           0.0025567,             0.88134,             0.86825,              0.9132,             0.80037,            0.017634,            0.061537,           0.0053142,            0.005974,            0.005974,            0.005974
                 124,            0.021486,            0.063385,           0.0028297,             0.88384,             0.87144,             0.91472,             0.80335,            0.017564,            0.061535,           0.0052752,            0.005941,            0.005941,            0.005941
                 125,            0.022138,            0.063459,           0.0024566,             0.88608,             0.86174,             0.91007,             0.79606,            0.018148,            0.063762,           0.0053986,            0.005908,            0.005908,            0.005908
                 126,            0.021512,            0.062515,           0.0027414,             0.88249,             0.86823,             0.91579,             0.80149,            0.017833,             0.06315,            0.005024,            0.005875,            0.005875,            0.005875
                 127,             0.02101,            0.058804,           0.0022491,             0.87619,             0.87157,             0.90933,             0.79448,            0.017845,             0.06321,           0.0053891,            0.005842,            0.005842,            0.005842
                 128,            0.020806,            0.057288,           0.0021672,             0.87846,             0.86949,             0.91238,             0.79351,            0.018144,            0.064177,           0.0050947,            0.005809,            0.005809,            0.005809
                 129,            0.020741,            0.058273,           0.0023738,             0.87326,             0.86321,             0.90784,             0.79588,            0.017768,             0.06288,           0.0057329,            0.005776,            0.005776,            0.005776
                 130,            0.021676,            0.062517,           0.0025698,             0.87398,             0.87573,             0.91469,             0.79684,            0.017802,            0.062012,            0.005379,            0.005743,            0.005743,            0.005743
                 131,            0.021462,            0.060803,           0.0025007,             0.85633,             0.87618,             0.90857,             0.79314,            0.017698,            0.062175,           0.0057405,             0.00571,             0.00571,             0.00571
                 132,             0.02081,            0.060449,           0.0025427,             0.88257,             0.85619,             0.90592,             0.79329,             0.01756,            0.061955,           0.0057514,            0.005677,            0.005677,            0.005677
                 133,             0.02134,            0.060055,           0.0021897,             0.88367,             0.85562,             0.90798,             0.79513,            0.017745,            0.064434,           0.0053586,            0.005644,            0.005644,            0.005644
                 134,             0.02131,            0.060707,           0.0023622,             0.87324,             0.87248,             0.90908,              0.7968,            0.017526,            0.061552,           0.0055085,            0.005611,            0.005611,            0.005611
                 135,            0.020961,            0.060634,           0.0025782,              0.8741,             0.86057,             0.91195,             0.79861,             0.01791,            0.063456,           0.0052647,            0.005578,            0.005578,            0.005578
                 136,            0.020815,            0.059392,           0.0023009,             0.86344,               0.867,             0.90309,             0.79234,            0.017633,            0.063128,           0.0057226,            0.005545,            0.005545,            0.005545
                 137,            0.021099,            0.059312,           0.0024326,             0.87016,             0.86315,             0.90935,              0.7973,            0.017751,            0.064079,           0.0055684,            0.005512,            0.005512,            0.005512
                 138,            0.020848,            0.062393,           0.0023946,             0.88229,             0.86019,             0.89874,             0.78905,            0.017755,            0.065375,           0.0057085,            0.005479,            0.005479,            0.005479
                 139,            0.020885,              0.0595,           0.0023525,             0.87173,             0.87271,             0.90754,             0.79529,            0.017722,            0.063604,           0.0055248,            0.005446,            0.005446,            0.005446
                 140,            0.020675,            0.058107,           0.0025063,             0.87865,             0.87247,             0.90864,             0.79302,            0.017801,            0.063303,           0.0054641,            0.005413,            0.005413,            0.005413
                 141,            0.020677,             0.05856,           0.0021831,             0.86809,             0.87921,             0.90918,             0.79882,            0.017627,            0.063484,           0.0053693,             0.00538,             0.00538,             0.00538
                 142,            0.021001,            0.060052,           0.0022392,             0.88881,             0.85003,             0.90559,              0.7959,            0.017762,            0.064842,           0.0055112,            0.005347,            0.005347,            0.005347
                 143,            0.020797,            0.059778,           0.0020156,             0.88336,             0.86046,             0.90221,             0.79271,            0.017549,            0.063323,           0.0057479,            0.005314,            0.005314,            0.005314
                 144,            0.020348,            0.058157,           0.0023742,             0.86947,             0.87414,              0.9059,             0.79569,             0.01752,            0.062805,           0.0055134,            0.005281,            0.005281,            0.005281
                 145,            0.020319,            0.058096,           0.0021785,             0.88272,             0.85922,             0.90929,             0.80009,            0.017584,            0.062541,           0.0054952,            0.005248,            0.005248,            0.005248
                 146,            0.019818,            0.056241,           0.0023341,              0.8863,             0.86755,             0.91463,             0.80302,            0.017556,             0.06337,           0.0050365,            0.005215,            0.005215,            0.005215
                 147,            0.020176,            0.057668,           0.0022963,             0.89101,             0.85887,             0.91042,             0.79824,            0.017614,             0.06404,            0.005265,            0.005182,            0.005182,            0.005182
                 148,            0.020597,            0.059382,           0.0021409,             0.88939,             0.87839,             0.91825,             0.80362,            0.017676,            0.063313,            0.004796,            0.005149,            0.005149,            0.005149
                 149,            0.020127,             0.05929,            0.002185,             0.87896,             0.86267,             0.91022,             0.80115,            0.017588,            0.063319,           0.0052855,            0.005116,            0.005116,            0.005116
                 150,             0.02042,            0.058491,           0.0023392,             0.88262,             0.87398,             0.90925,              0.8038,            0.017331,            0.062611,           0.0053603,            0.005083,            0.005083,            0.005083
                 151,            0.020711,            0.059035,           0.0021439,             0.87871,             0.87581,             0.91366,             0.80465,            0.017477,            0.062425,           0.0049646,             0.00505,             0.00505,             0.00505
                 152,             0.02018,            0.058294,           0.0020197,             0.86587,             0.88365,             0.91033,             0.80156,            0.017412,             0.06179,           0.0053295,            0.005017,            0.005017,            0.005017
                 153,            0.020211,            0.056044,           0.0019576,             0.88109,             0.86074,             0.90687,             0.79839,            0.017581,            0.063512,           0.0055494,            0.004984,            0.004984,            0.004984
                 154,            0.019952,            0.056933,           0.0020929,             0.87943,             0.87068,             0.91029,             0.80338,            0.017393,            0.063004,           0.0054686,            0.004951,            0.004951,            0.004951
                 155,            0.019786,            0.058511,           0.0020722,             0.88797,             0.86156,             0.90928,             0.80039,            0.017538,            0.064134,           0.0053817,            0.004918,            0.004918,            0.004918
                 156,            0.020249,             0.05831,           0.0022868,             0.89003,             0.85569,             0.90731,             0.79794,            0.017376,            0.063623,           0.0055122,            0.004885,            0.004885,            0.004885
                 157,            0.020049,            0.056653,           0.0018345,             0.88046,             0.85793,             0.90236,             0.79601,            0.017464,            0.062843,            0.005705,            0.004852,            0.004852,            0.004852
                 158,            0.019491,            0.056609,           0.0022376,             0.87878,             0.87348,             0.91352,             0.80851,            0.017314,            0.061972,           0.0053496,            0.004819,            0.004819,            0.004819
                 159,            0.019767,            0.057122,           0.0024474,             0.87325,             0.86525,              0.8993,             0.79229,            0.017325,            0.062549,           0.0061778,            0.004786,            0.004786,            0.004786
                 160,            0.019622,            0.056993,           0.0022552,             0.89168,             0.86056,             0.90848,             0.80087,            0.017151,            0.061826,           0.0057771,            0.004753,            0.004753,            0.004753
                 161,              0.0197,            0.056564,           0.0022463,             0.89077,             0.86007,             0.90732,             0.80023,            0.017297,            0.062977,           0.0054472,             0.00472,             0.00472,             0.00472
                 162,            0.019819,            0.056671,           0.0022644,             0.88504,             0.86034,              0.9118,             0.80368,            0.017379,            0.063444,           0.0054052,            0.004687,            0.004687,            0.004687
                 163,            0.019585,            0.056656,            0.002026,             0.87896,             0.87494,              0.9125,             0.80332,            0.017205,            0.062657,           0.0053621,            0.004654,            0.004654,            0.004654
                 164,            0.019776,            0.057047,           0.0022845,             0.86687,             0.87128,             0.90769,             0.80361,            0.017102,            0.062042,           0.0055993,            0.004621,            0.004621,            0.004621
                 165,            0.019769,            0.056484,           0.0022151,             0.87454,             0.85675,             0.90013,             0.79555,            0.017313,             0.06335,           0.0060691,            0.004588,            0.004588,            0.004588
                 166,            0.019387,            0.056556,           0.0022549,             0.87741,             0.85151,             0.89911,              0.7931,            0.017156,            0.062295,           0.0062089,            0.004555,            0.004555,            0.004555
                 167,             0.01963,            0.056269,           0.0020466,             0.86957,              0.8644,             0.90052,             0.79684,            0.017348,            0.062709,           0.0058527,            0.004522,            0.004522,            0.004522
                 168,            0.019792,            0.057215,           0.0020879,              0.8794,             0.87418,             0.91102,             0.80282,            0.017339,            0.062449,           0.0053331,            0.004489,            0.004489,            0.004489
                 169,            0.019615,            0.054705,           0.0020061,             0.88329,             0.86699,             0.91002,             0.80367,            0.017036,            0.061843,           0.0054966,            0.004456,            0.004456,            0.004456
                 170,            0.019691,            0.057567,           0.0020482,             0.88672,             0.86443,             0.90371,             0.80045,            0.017285,            0.063974,            0.005744,            0.004423,            0.004423,            0.004423
                 171,            0.019195,            0.054629,            0.001894,             0.88634,             0.85018,             0.89792,             0.79449,            0.017161,            0.064239,           0.0060935,             0.00439,             0.00439,             0.00439
                 172,            0.019535,            0.056756,           0.0021277,             0.87947,             0.87128,             0.91307,             0.80851,            0.017307,             0.06398,           0.0053875,            0.004357,            0.004357,            0.004357
                 173,            0.019298,            0.054563,            0.001963,             0.88427,             0.86013,              0.9098,             0.80435,            0.017274,            0.063801,           0.0056703,            0.004324,            0.004324,            0.004324
                 174,            0.018543,            0.052483,           0.0018008,             0.88114,             0.86656,             0.90853,             0.80294,            0.017255,             0.06461,           0.0054036,            0.004291,            0.004291,            0.004291
                 175,            0.019004,            0.054373,            0.002061,             0.87805,             0.86274,              0.8998,             0.79839,            0.017184,            0.064708,           0.0059316,            0.004258,            0.004258,            0.004258
                 176,            0.019161,            0.056037,           0.0019673,              0.8671,             0.86474,             0.90589,             0.79957,            0.017253,            0.063902,           0.0059336,            0.004225,            0.004225,            0.004225
                 177,            0.019106,            0.053492,           0.0020445,             0.88044,             0.85437,             0.90307,             0.79848,            0.017144,            0.063761,           0.0060394,            0.004192,            0.004192,            0.004192
                 178,            0.019115,            0.054899,           0.0018953,             0.87423,             0.87218,             0.90425,              0.7961,            0.017174,            0.063154,            0.005845,            0.004159,            0.004159,            0.004159
                 179,            0.019159,            0.056209,           0.0019387,              0.8807,             0.86127,             0.90843,             0.80671,            0.017066,            0.064162,           0.0056463,            0.004126,            0.004126,            0.004126
                 180,            0.018995,            0.053343,           0.0020404,             0.88564,             0.86183,             0.90588,             0.80334,            0.017078,            0.063511,           0.0055976,            0.004093,            0.004093,            0.004093
                 181,            0.019052,             0.05598,           0.0019091,              0.8613,             0.87615,             0.91463,             0.81085,            0.017049,            0.063253,           0.0055138,             0.00406,             0.00406,             0.00406
                 182,            0.019132,            0.055918,           0.0019191,             0.87197,             0.86648,             0.90139,             0.79666,            0.017104,            0.063941,           0.0059329,            0.004027,            0.004027,            0.004027
                 183,            0.018994,            0.055205,           0.0019133,             0.88645,             0.85118,             0.90076,             0.80007,            0.016981,            0.063383,           0.0057743,            0.003994,            0.003994,            0.003994
                 184,            0.018739,            0.053923,           0.0018418,             0.87112,             0.87596,             0.90428,             0.80419,            0.016987,             0.06342,           0.0056363,            0.003961,            0.003961,            0.003961
                 185,             0.01825,            0.052469,           0.0017907,             0.88158,             0.86336,             0.90474,             0.80481,             0.01699,            0.064909,           0.0054091,            0.003928,            0.003928,            0.003928
                 186,            0.018355,            0.053918,            0.001761,             0.88493,             0.86305,             0.90854,             0.80957,            0.016833,            0.062689,           0.0053806,            0.003895,            0.003895,            0.003895
                 187,             0.01904,            0.054739,           0.0018446,             0.86337,             0.86432,             0.90457,             0.80331,             0.01704,            0.064097,           0.0057676,            0.003862,            0.003862,            0.003862
                 188,            0.018388,            0.051511,           0.0018287,             0.87739,             0.85915,             0.90065,             0.80014,             0.01701,            0.063788,           0.0062121,            0.003829,            0.003829,            0.003829
                 189,            0.018985,            0.056029,           0.0018669,             0.88153,             0.86565,             0.90199,             0.80243,            0.017004,            0.063725,           0.0059185,            0.003796,            0.003796,            0.003796
                 190,            0.018841,            0.054968,           0.0019738,             0.88598,             0.86762,             0.90713,             0.80427,            0.016966,            0.064261,           0.0055132,            0.003763,            0.003763,            0.003763
                 191,            0.018195,            0.050705,           0.0019397,             0.88615,             0.86324,             0.90619,             0.80621,            0.016741,            0.062176,           0.0058667,             0.00373,             0.00373,             0.00373
                 192,            0.017581,            0.050829,           0.0019076,             0.88242,             0.86215,             0.90866,              0.8085,            0.017027,            0.063508,           0.0054487,            0.003697,            0.003697,            0.003697
                 193,            0.018435,            0.053341,           0.0017989,             0.88308,             0.86288,             0.90759,             0.80797,            0.016966,            0.063649,           0.0055077,            0.003664,            0.003664,            0.003664
                 194,            0.017831,            0.051612,           0.0019507,             0.87522,             0.86577,             0.90247,              0.8042,            0.016798,            0.063085,           0.0058725,            0.003631,            0.003631,            0.003631
                 195,            0.018481,            0.053453,           0.0020925,             0.87801,             0.86298,             0.90421,             0.80494,            0.016889,            0.063346,           0.0058234,            0.003598,            0.003598,            0.003598
                 196,            0.017974,            0.052126,           0.0017846,             0.88282,              0.8564,             0.90321,             0.80567,            0.016967,            0.063985,           0.0057692,            0.003565,            0.003565,            0.003565
                 197,            0.018434,            0.052566,           0.0018308,             0.88048,             0.86018,              0.9049,             0.80588,            0.016937,            0.063809,           0.0057368,            0.003532,            0.003532,            0.003532
                 198,            0.018556,             0.05515,           0.0020331,             0.88271,             0.86571,             0.90836,             0.80997,            0.016938,            0.064454,           0.0055266,            0.003499,            0.003499,            0.003499
                 199,            0.018583,            0.053991,           0.0017828,             0.87879,             0.87364,             0.90502,             0.80487,            0.016878,            0.063017,           0.0057416,            0.003466,            0.003466,            0.003466
                 200,              0.0178,            0.051332,           0.0017646,              0.8793,             0.86937,              0.9064,             0.80923,            0.016929,            0.064781,           0.0056134,            0.003433,            0.003433,            0.003433
                 201,            0.018215,            0.052276,           0.0018251,             0.87383,             0.87135,             0.89886,             0.80152,            0.016781,            0.064128,           0.0059971,              0.0034,              0.0034,              0.0034
                 202,            0.017954,            0.050908,           0.0018876,             0.86818,             0.87453,              0.9025,             0.80497,            0.016848,            0.063463,           0.0058358,            0.003367,            0.003367,            0.003367
                 203,            0.018428,            0.054273,           0.0018685,             0.87285,             0.87288,             0.90198,             0.80241,            0.016765,            0.062891,           0.0059389,            0.003334,            0.003334,            0.003334
                 204,            0.017609,            0.051385,           0.0017312,             0.87067,             0.87099,             0.90156,             0.80369,            0.016778,            0.063471,           0.0057612,            0.003301,            0.003301,            0.003301
                 205,            0.018017,            0.051747,            0.001799,             0.88634,             0.86758,             0.90371,             0.80636,            0.016716,            0.063486,           0.0055418,            0.003268,            0.003268,            0.003268
                 206,             0.01806,            0.052307,           0.0020382,             0.88179,             0.86214,             0.90386,             0.80627,            0.016702,            0.063677,           0.0057948,            0.003235,            0.003235,            0.003235
                 207,            0.017421,            0.050217,           0.0017205,             0.87002,             0.87289,             0.90775,             0.80961,            0.016647,            0.063332,           0.0057514,            0.003202,            0.003202,            0.003202
                 208,            0.017939,            0.052773,           0.0018362,             0.86717,             0.87441,             0.90667,             0.80979,            0.016645,            0.063984,           0.0057945,            0.003169,            0.003169,            0.003169
                 209,            0.017797,             0.05197,           0.0021044,             0.87234,             0.87975,             0.90859,             0.81101,            0.016647,            0.062697,            0.005631,            0.003136,            0.003136,            0.003136
                 210,            0.017544,            0.051111,             0.00161,             0.89052,              0.8643,             0.91406,              0.8155,             0.01662,             0.06335,           0.0052648,            0.003103,            0.003103,            0.003103
                 211,            0.017973,            0.051204,           0.0018179,             0.87465,             0.86887,             0.90459,             0.80676,            0.016638,             0.06334,           0.0056975,             0.00307,             0.00307,             0.00307
                 212,             0.01779,            0.052427,           0.0019701,             0.87867,             0.86591,             0.90609,             0.80942,            0.016636,            0.062913,           0.0056885,            0.003037,            0.003037,            0.003037
                 213,            0.017768,            0.051212,            0.001707,             0.87179,             0.86748,             0.90899,             0.81145,            0.016686,            0.063093,           0.0056867,            0.003004,            0.003004,            0.003004
                 214,            0.017364,            0.051093,            0.001719,             0.87566,             0.87012,             0.90935,              0.8119,            0.016614,             0.06244,           0.0056034,            0.002971,            0.002971,            0.002971
                 215,             0.01774,            0.050893,           0.0016328,              0.8825,             0.86596,             0.90357,             0.80803,             0.01663,            0.062446,           0.0058448,            0.002938,            0.002938,            0.002938
                 216,            0.017489,            0.050404,           0.0017409,             0.87622,             0.86013,             0.89298,             0.79781,            0.016575,            0.062382,           0.0065303,            0.002905,            0.002905,            0.002905
                 217,            0.017836,             0.05236,           0.0019014,             0.87627,             0.87053,             0.90417,             0.80846,            0.016695,              0.0634,           0.0057242,            0.002872,            0.002872,            0.002872
                 218,              0.0177,            0.052068,           0.0016522,             0.88587,              0.8623,             0.91009,             0.81275,            0.016587,            0.062516,           0.0057909,            0.002839,            0.002839,            0.002839
                 219,            0.017536,            0.050509,           0.0017393,             0.88066,             0.86643,             0.90848,             0.81238,            0.016618,            0.063108,           0.0058991,            0.002806,            0.002806,            0.002806
                 220,            0.017674,            0.051318,           0.0018176,             0.87282,             0.86664,              0.8962,             0.80082,            0.016623,            0.064071,            0.006226,            0.002773,            0.002773,            0.002773
                 221,            0.017095,            0.051146,           0.0016324,              0.8712,             0.86628,             0.89884,             0.80499,            0.016536,             0.06343,           0.0060238,             0.00274,             0.00274,             0.00274
                 222,            0.017675,            0.051888,           0.0015858,              0.8655,             0.86697,             0.90083,             0.80555,            0.016587,            0.064206,           0.0059549,            0.002707,            0.002707,            0.002707
                 223,              0.0175,            0.051544,           0.0014681,             0.87674,             0.85379,             0.89513,             0.80082,            0.016609,             0.06431,           0.0063647,            0.002674,            0.002674,            0.002674
                 224,            0.017599,             0.05177,           0.0015727,             0.87222,             0.85999,             0.89764,             0.80193,             0.01662,            0.064973,           0.0063019,            0.002641,            0.002641,            0.002641
                 225,            0.016815,            0.047505,           0.0017432,             0.88748,             0.85033,             0.90156,             0.80599,            0.016533,            0.063238,            0.006154,            0.002608,            0.002608,            0.002608
                 226,            0.016934,            0.049905,           0.0015944,              0.8819,             0.86535,             0.90705,             0.81167,            0.016478,            0.063269,           0.0057476,            0.002575,            0.002575,            0.002575
                 227,            0.017087,            0.049156,           0.0015524,             0.88049,             0.86749,             0.90073,             0.80725,             0.01652,            0.063263,           0.0059571,            0.002542,            0.002542,            0.002542
                 228,            0.016941,              0.0502,           0.0018615,             0.87568,             0.87014,             0.90468,             0.81009,            0.016535,            0.063688,           0.0058972,            0.002509,            0.002509,            0.002509
                 229,            0.016968,            0.049795,           0.0017899,             0.88022,             0.86577,             0.90261,             0.80618,            0.016494,            0.063687,           0.0059998,            0.002476,            0.002476,            0.002476
                 230,            0.016765,            0.049654,           0.0017561,             0.88609,             0.86631,              0.9055,             0.81142,            0.016494,            0.063414,           0.0058969,            0.002443,            0.002443,            0.002443
                 231,            0.017338,            0.052626,           0.0016429,              0.8789,             0.86139,             0.89992,             0.80573,            0.016525,            0.063922,           0.0061911,             0.00241,             0.00241,             0.00241
                 232,            0.016963,            0.049691,           0.0015013,             0.88004,             0.86659,             0.90068,             0.80558,            0.016491,            0.064277,           0.0059292,            0.002377,            0.002377,            0.002377
                 233,            0.017012,            0.048927,           0.0015966,             0.88412,              0.8676,             0.90234,             0.80806,             0.01645,            0.064077,           0.0059524,            0.002344,            0.002344,            0.002344
                 234,            0.016779,            0.048854,           0.0012866,             0.87606,             0.86302,             0.89916,             0.80601,            0.016424,            0.063533,           0.0062919,            0.002311,            0.002311,            0.002311
                 235,             0.01653,            0.048162,           0.0014093,             0.86469,             0.86488,             0.89379,             0.80152,            0.016392,            0.063557,           0.0067492,            0.002278,            0.002278,            0.002278
                 236,            0.016455,             0.04917,           0.0015482,              0.8712,             0.87548,             0.90364,             0.80929,            0.016389,            0.064001,           0.0061616,            0.002245,            0.002245,            0.002245
                 237,            0.016426,            0.046972,           0.0015694,             0.87468,             0.86042,             0.89898,             0.80721,            0.016456,             0.06472,           0.0063334,            0.002212,            0.002212,            0.002212
                 238,            0.016605,            0.048903,           0.0015155,             0.87897,             0.85585,             0.89988,             0.80692,            0.016423,            0.064512,           0.0063728,            0.002179,            0.002179,            0.002179
                 239,            0.016817,            0.048133,           0.0015786,              0.8686,             0.86765,             0.90415,             0.81021,            0.016421,            0.064452,           0.0062289,            0.002146,            0.002146,            0.002146
                 240,            0.016874,            0.049534,           0.0016849,             0.87068,             0.87004,             0.90379,             0.81123,            0.016448,             0.06431,            0.006134,            0.002113,            0.002113,            0.002113
                 241,            0.016567,            0.047762,           0.0014763,             0.88658,             0.86007,             0.90566,             0.81256,             0.01658,             0.06443,           0.0061067,             0.00208,             0.00208,             0.00208
                 242,             0.01672,            0.049012,           0.0015667,             0.87502,             0.87436,             0.90636,              0.8117,            0.016348,            0.063026,           0.0060182,            0.002047,            0.002047,            0.002047
                 243,            0.016754,            0.048884,           0.0017827,             0.87777,             0.87121,             0.90557,             0.81222,             0.01637,             0.06307,           0.0060572,            0.002014,            0.002014,            0.002014
                 244,            0.017034,             0.04981,           0.0014159,             0.88338,             0.85504,             0.90628,              0.8153,            0.016468,            0.064663,            0.005973,            0.001981,            0.001981,            0.001981
                 245,             0.01646,            0.048141,           0.0014928,             0.87314,             0.86469,             0.90567,             0.81444,            0.016307,             0.06364,           0.0061856,            0.001948,            0.001948,            0.001948
                 246,            0.016602,             0.04872,           0.0015188,             0.87016,             0.87325,               0.902,             0.81152,            0.016343,             0.06384,           0.0063752,            0.001915,            0.001915,            0.001915
                 247,            0.016297,            0.048626,           0.0016663,             0.87114,             0.86843,             0.89767,             0.80553,            0.016293,            0.063631,           0.0065338,            0.001882,            0.001882,            0.001882
                 248,            0.016519,            0.049214,           0.0016863,             0.87478,             0.86228,             0.90428,             0.81268,            0.016423,            0.064952,           0.0059936,            0.001849,            0.001849,            0.001849
                 249,             0.01676,            0.048859,           0.0016564,             0.88658,             0.85057,              0.8957,             0.80638,            0.016494,            0.065223,           0.0065244,            0.001816,            0.001816,            0.001816
                 250,            0.016248,            0.047815,           0.0014509,             0.88055,             0.86434,             0.89825,             0.80902,             0.01638,            0.064281,           0.0064624,            0.001783,            0.001783,            0.001783
                 251,            0.016245,            0.046668,           0.0013669,             0.87245,             0.86314,             0.90192,             0.81079,            0.016347,            0.063651,           0.0064531,             0.00175,             0.00175,             0.00175
                 252,            0.016741,            0.048984,           0.0015583,             0.87838,              0.8661,             0.90302,              0.8127,            0.016397,            0.064486,           0.0062012,            0.001717,            0.001717,            0.001717
                 253,            0.016106,            0.046521,           0.0014492,             0.87262,             0.87597,             0.90269,             0.81411,            0.016286,            0.063548,           0.0062903,            0.001684,            0.001684,            0.001684
                 254,             0.01618,            0.046745,           0.0013311,             0.87899,             0.86638,              0.9042,             0.81452,             0.01632,            0.064029,           0.0061568,            0.001651,            0.001651,            0.001651
                 255,            0.015622,            0.045448,            0.001251,              0.8809,             0.86223,             0.90231,             0.81308,            0.016333,            0.063991,           0.0063382,            0.001618,            0.001618,            0.001618
                 256,             0.01653,            0.048834,            0.001628,              0.8779,             0.87115,             0.90419,             0.81386,            0.016316,            0.064163,           0.0060755,            0.001585,            0.001585,            0.001585
                 257,            0.015983,            0.045329,           0.0014191,             0.87597,              0.8726,             0.90385,             0.81354,            0.016423,            0.064645,           0.0060495,            0.001552,            0.001552,            0.001552
                 258,            0.016228,            0.046898,           0.0014095,             0.88412,             0.85958,             0.90165,             0.81226,            0.016348,            0.063883,           0.0063159,            0.001519,            0.001519,            0.001519
                 259,            0.016667,            0.047937,           0.0013557,             0.88825,             0.86024,             0.90358,             0.81407,            0.016273,            0.063588,           0.0062722,            0.001486,            0.001486,            0.001486
                 260,            0.016458,            0.048322,           0.0016268,             0.88121,             0.86897,             0.90413,             0.81551,            0.016371,            0.064703,           0.0061774,            0.001453,            0.001453,            0.001453
                 261,            0.016045,            0.046322,           0.0013225,             0.88602,             0.86019,             0.90389,             0.81462,            0.016324,            0.064414,           0.0063138,             0.00142,             0.00142,             0.00142
                 262,            0.016403,            0.047062,           0.0014518,             0.87798,             0.87217,             0.90349,              0.8143,            0.016183,            0.063162,           0.0064212,            0.001387,            0.001387,            0.001387
                 263,            0.016139,             0.04636,           0.0013972,             0.88329,             0.86066,             0.90401,             0.81613,            0.016244,            0.063508,           0.0064234,            0.001354,            0.001354,            0.001354
                 264,            0.016197,            0.046755,           0.0013821,             0.88553,             0.86371,             0.89837,             0.80922,            0.016279,            0.063863,           0.0067214,            0.001321,            0.001321,            0.001321
                 265,            0.016279,            0.046601,           0.0015962,             0.88555,             0.86716,             0.90147,             0.81353,            0.016285,            0.063666,           0.0064998,            0.001288,            0.001288,            0.001288
                 266,            0.016178,             0.04682,            0.001353,             0.88507,             0.86632,             0.90144,             0.81308,            0.016296,            0.063919,           0.0064915,            0.001255,            0.001255,            0.001255
                 267,            0.016231,            0.047037,           0.0014106,             0.88652,             0.86516,             0.90198,              0.8139,            0.016404,            0.064998,           0.0064291,            0.001222,            0.001222,            0.001222
                 268,             0.01592,            0.045875,           0.0014196,             0.88048,             0.87276,             0.90149,             0.81442,            0.016349,            0.064896,           0.0065449,            0.001189,            0.001189,            0.001189
                 269,            0.015874,            0.045694,           0.0017062,               0.878,             0.86584,               0.898,             0.80975,            0.016359,            0.064899,           0.0068983,            0.001156,            0.001156,            0.001156
                 270,             0.01648,              0.0474,           0.0014868,             0.87667,             0.87712,             0.90302,              0.8136,            0.016222,            0.063756,           0.0065268,            0.001123,            0.001123,            0.001123
                 271,            0.016031,            0.047313,           0.0015582,             0.88026,             0.87035,              0.9018,             0.81337,            0.016286,            0.063914,           0.0065342,             0.00109,             0.00109,             0.00109
                 272,            0.015738,            0.044918,            0.001316,             0.87797,             0.86625,             0.90024,             0.81209,            0.016333,            0.064294,           0.0066163,            0.001057,            0.001057,            0.001057
                 273,            0.016414,             0.04784,           0.0017028,             0.87433,             0.87454,             0.90071,             0.81316,            0.016297,            0.064123,            0.006558,            0.001024,            0.001024,            0.001024
                 274,            0.016245,            0.046948,           0.0014203,             0.87221,             0.87686,             0.90328,             0.81551,            0.016275,            0.064032,           0.0063517,            0.000991,            0.000991,            0.000991
                 275,            0.015877,            0.045957,           0.0013908,             0.87142,             0.86973,             0.90116,             0.81502,            0.016335,            0.064794,           0.0065399,            0.000958,            0.000958,            0.000958
                 276,            0.015736,            0.047051,            0.001537,             0.87754,             0.86489,             0.90111,             0.81276,            0.016265,            0.064724,           0.0064655,            0.000925,            0.000925,            0.000925
                 277,            0.016478,            0.048391,           0.0013946,             0.87714,             0.87394,             0.90011,             0.81295,            0.016276,            0.064899,           0.0065089,            0.000892,            0.000892,            0.000892
                 278,            0.016255,            0.047197,           0.0013468,              0.8855,             0.86749,             0.90113,             0.81325,            0.016281,            0.064685,           0.0065045,            0.000859,            0.000859,            0.000859
                 279,            0.015385,            0.043457,           0.0012564,             0.87995,             0.87418,             0.90244,             0.81509,            0.016248,            0.064343,           0.0064069,            0.000826,            0.000826,            0.000826
                 280,            0.015968,            0.046587,           0.0012955,             0.88322,             0.87651,             0.90286,             0.81608,            0.016173,             0.06427,           0.0064038,            0.000793,            0.000793,            0.000793
                 281,            0.016086,            0.046107,           0.0013949,             0.87862,             0.87305,             0.90212,             0.81547,             0.01617,             0.06402,           0.0065623,             0.00076,             0.00076,             0.00076
                 282,            0.015625,            0.046542,           0.0012997,             0.88487,             0.86313,             0.90214,              0.8155,             0.01623,            0.064648,           0.0065827,            0.000727,            0.000727,            0.000727
                 283,            0.015816,            0.046307,           0.0013114,             0.88484,             0.86856,             0.89974,             0.81277,            0.016223,            0.064588,           0.0067194,            0.000694,            0.000694,            0.000694
                 284,            0.015711,            0.045981,           0.0012205,             0.88146,             0.86832,              0.8983,             0.81245,            0.016191,            0.064156,           0.0068037,            0.000661,            0.000661,            0.000661
                 285,            0.015642,            0.047267,           0.0013589,             0.88006,             0.86899,             0.89866,             0.81311,            0.016216,             0.06443,           0.0067789,            0.000628,            0.000628,            0.000628
                 286,            0.015703,            0.044937,           0.0013984,              0.8842,             0.86107,             0.89824,             0.81134,            0.016225,            0.064852,           0.0068719,            0.000595,            0.000595,            0.000595
                 287,            0.016113,            0.047584,           0.0013762,             0.87555,              0.8676,             0.89397,             0.80813,            0.016214,            0.064697,           0.0071745,            0.000562,            0.000562,            0.000562
                 288,            0.015685,             0.04509,           0.0012948,             0.88248,             0.85925,             0.89414,             0.80814,             0.01621,            0.064649,            0.007171,            0.000529,            0.000529,            0.000529
                 289,            0.015723,            0.045013,           0.0013368,              0.8809,             0.86636,              0.8976,             0.81103,            0.016211,            0.064917,           0.0069067,            0.000496,            0.000496,            0.000496
                 290,            0.015794,            0.046078,           0.0015051,             0.87928,               0.872,              0.8991,             0.81293,              0.0162,            0.064622,           0.0068454,            0.000463,            0.000463,            0.000463
                 291,            0.015947,            0.046016,           0.0011427,             0.88063,             0.86855,             0.90006,             0.81375,             0.01615,            0.064327,            0.006812,             0.00043,             0.00043,             0.00043
                 292,            0.015447,            0.044093,           0.0012942,             0.88051,             0.86318,             0.89852,             0.81365,            0.016158,            0.064508,           0.0069845,            0.000397,            0.000397,            0.000397
                 293,            0.015597,            0.044784,           0.0013718,             0.87032,             0.87732,             0.89947,              0.8136,            0.016143,            0.064531,           0.0068199,            0.000364,            0.000364,            0.000364
                 294,            0.015929,            0.045264,           0.0012741,             0.87382,               0.877,             0.89981,             0.81307,            0.016166,            0.064512,           0.0068221,            0.000331,            0.000331,            0.000331
                 295,            0.015989,            0.046977,           0.0013487,             0.88755,             0.86385,             0.90154,              0.8156,            0.016175,             0.06457,           0.0067836,            0.000298,            0.000298,            0.000298
                 296,            0.015908,            0.046474,           0.0014316,             0.87743,              0.8692,             0.90192,             0.81512,            0.016159,            0.064592,           0.0068002,            0.000265,            0.000265,            0.000265
                 297,            0.015942,            0.046923,            0.001524,             0.87203,             0.87466,              0.9021,             0.81633,            0.016159,            0.064687,           0.0067676,            0.000232,            0.000232,            0.000232
                 298,            0.015942,            0.046662,           0.0012227,             0.87156,             0.87557,             0.90099,             0.81511,            0.016183,            0.064824,           0.0067765,            0.000199,            0.000199,            0.000199
                 299,            0.015888,             0.04716,           0.0013025,             0.87186,             0.88034,             0.89993,              0.8147,            0.016172,            0.064815,           0.0068195,            0.000166,            0.000166,            0.000166
